Strategy 1,Strategy 2,Mean Diff,CI Lower,CI Upper
Equal Weight,Inverse Vol,-0.0270998974317578,-0.17414792273915355,0.12509720800869922
Equal Weight,Max Geo,-0.1849264322891029,-0.43434548128036304,0.07068112622064904
Equal Weight,Max Sharpe,-0.11370592510784332,-0.5506507534593441,0.30645276738040483
Equal Weight,Carver,-0.052735262601439334,-0.33852764756066145,0.23927941938171154
Equal Weight,Hierarchical Inv Vol,-0.053258469322366796,-0.32649032390171484,0.22611193339679445
Equal Weight,SPY,-0.11617498677352892,-0.2877390246252274,0.05471965726425883
Equal Weight,60/40,-0.18428212341763534,-0.3488606997542429,-0.021181059438014124
Equal Weight,Tech,-0.2682415915770582,-0.5071120343579439,-0.02601936416384316
Inverse Vol,Max Geo,-0.1578265348573451,-0.4399073888208613,0.12206801503146987
Inverse Vol,Max Sharpe,-0.08660602767608551,-0.4954414093410154,0.2943283391927543
Inverse Vol,Carver,-0.025635365169681523,-0.18878278448499491,0.13674919336750085
Inverse Vol,Hierarchical Inv Vol,-0.026158571890608995,-0.1786237704639894,0.12309891252455699
Inverse Vol,SPY,-0.08907508934177112,-0.3576722106804802,0.17637512262291188
Inverse Vol,60/40,-0.15718222598587753,-0.3597286662147799,0.04616231360772619
Inverse Vol,Tech,-0.24114169414530034,-0.5453592208643026,0.06536716622981516
Max Geo,Max Sharpe,0.07122050718125959,-0.2923353369968045,0.42510425451195727
Max Geo,Carver,0.13219116968766356,-0.213949753283006,0.48626167868458003
Max Geo,Hierarchical Inv Vol,0.1316679629667361,-0.20313788418639064,0.477776446573444
Max Geo,SPY,0.06875144551557398,-0.20228039948038676,0.33497921706764333
Max Geo,60/40,0.0006443088714675831,-0.2636476794352492,0.26579103282917665
Max Geo,Tech,-0.08331515928795527,-0.34725308358316825,0.17514537485220188
Max Sharpe,Carver,0.06097066250640398,-0.3072582117954096,0.4422935693969635
Max Sharpe,Hierarchical Inv Vol,0.06044745578547652,-0.3090267264562813,0.44360337621881346
Max Sharpe,SPY,-0.0024690616656856046,-0.45842353365082045,0.4601800469735892
Max Sharpe,60/40,-0.070576198309792,-0.5005792306558629,0.3710561973864744
Max Sharpe,Tech,-0.15453566646921485,-0.588655127933366,0.28853775185000935
Carver,Hierarchical Inv Vol,-0.0005232067209274672,-0.034212194132821894,0.03493163564835575
Carver,SPY,-0.06343972417208958,-0.4615849745480491,0.3308664817288849
Carver,60/40,-0.131546860816196,-0.45591736794042226,0.188628401196008
Carver,Tech,-0.2155063289756188,-0.6400239908289276,0.19696050660595885
Hierarchical Inv Vol,SPY,-0.06291651745116213,-0.4552890320245649,0.32029246593016986
Hierarchical Inv Vol,60/40,-0.1310236540952685,-0.44858799082393336,0.18318424478545103
Hierarchical Inv Vol,Tech,-0.2149831222546914,-0.6313606579868363,0.19523423091833106
SPY,60/40,-0.06810713664410639,-0.17899210617570727,0.04538499364680956
SPY,Tech,-0.15206660480352927,-0.3127898188020051,0.011764095000178332
60/40,Tech,-0.08395946815942286,-0.2718039127644443,0.10644114272117432
