,Total Cost,Average Cost per Rebalance,Max Cost per Rebalance
Equal Weight,0.006100578064537321,2.711368028683254e-05,0.00010852225882044116
Inverse Vol,0.004224939249258321,1.8777507774481428e-05,0.00011192437155293806
Max Geo,0.037117586689655424,0.0001649670519540241,0.0008276208841874299
Max Sharpe,0.052653940975342046,0.00023401751544596466,0.0017080946509441999
Carver,0.0032506689616041903,1.4447417607129735e-05,9.619991100166864e-05
Hierarchical Inv Vol,0.003531866273687314,1.5697183438610285e-05,0.00010654102755690773
SPY,0.0,0.0,0.0
60/40,0.004401692051553795,1.956307578468353e-05,0.00010777535265156091
Tech,0.0,0.0,0.0
