,Annual Return,Annual Volatility,Sharpe Ratio,Drawdown
Equal Weight,0.07314541779315409,0.1459873165672348,0.45925731273484127,-0.41614661961437915
Inverse Vol,0.0377063425351194,0.049443056055929156,0.4858232650505277,-0.1546854199642449
Max Geo,0.11284829045734779,0.16215740297051265,0.6530216807660549,-0.3933635776736286
Max Sharpe,0.0656073544587703,0.09060392748341248,0.5901590700965377,-0.24988864977594916
Carver,0.03171726273705411,0.0337568648768965,0.5208087974829898,-0.10068817514316963
Hierarchical Inv Vol,0.03327795166676717,0.03685754153490987,0.5209877573928593,-0.10253446747455941
SPY,0.11399494531649723,0.1973928311985657,0.573694312784621,-0.5148144452157053
60/40,0.08276578842731852,0.11112637246488094,0.6432240687775405,-0.3148464344007367
Tech,0.16429135768286574,0.2240667236223488,0.7276948858088234,-0.49366827420243364
