Scenario,Strategy,Annual Return,Annual Volatility,Sharpe Ratio,Drawdown
20D,Equal Weight,0.060822836571349015,0.11620490574731855,0.4440516619769554,-0.24317196978692346
20D,Inverse Vol,0.0452891526505137,0.0808559683649057,0.41240357484900053,-0.24222147293007878
20D,Max Geo,0.10358140114105696,0.12071000724479167,0.7593711884329788,-0.20865320159705447
20D,Max Sharpe,0.06895324275724635,0.08255293262986671,0.6772564476351578,-0.23104994586208782
20D,Carver,0.034990605338216074,0.0639711709085363,0.3473359073611218,-0.21230781475827787
20D,Hierarchical Inv Vol,0.03837616929589016,0.06796198152004528,0.37889079475667303,-0.21578699469083995
20D,SPY,0.08879772716503465,0.1251845912595123,0.6288837620033382,-0.22756564635134335
20D,60/40,0.09096268033034716,0.1151888436770213,0.6901338273367101,-0.24028455688645178
20D,Tech,0.11293849385544719,0.1186504862572113,0.841604132687913,-0.20853357712619325
60D,Equal Weight,0.06030097091259545,0.1128302313476305,0.44958556420027246,-0.22809126417780035
60D,Inverse Vol,0.04290742508798662,0.0842990753385784,0.3719145206064515,-0.2424356311609236
60D,Max Geo,0.09565135819308423,0.11733601974666792,0.7162917292136401,-0.2291977764926929
60D,Max Sharpe,0.06693317180484093,0.08272845700366349,0.6530786351967074,-0.22989173401998697
60D,Carver,0.03611784632815396,0.0644715617175665,0.36202362627195683,-0.20974922990069822
60D,Hierarchical Inv Vol,0.038109526439294994,0.06907641748322503,0.3701649093637572,-0.21270455688146261
60D,SPY,0.08367093609284937,0.11818557540190627,0.6189711782973812,-0.21627660353456424
60D,60/40,0.08695637158544978,0.11450299727989131,0.6614677417746739,-0.2079185438746899
60D,Tech,0.09920806365344648,0.11357698907106945,0.7646328475339422,-0.18045957363950527
126D,Equal Weight,0.055042269099722096,0.11258979788945288,0.4061186463798683,-0.2464227454040886
126D,Inverse Vol,0.04056351860956431,0.08594921244834591,0.3402154176522605,-0.26141708644550765
126D,Max Geo,0.08990733941177309,0.11410830541970379,0.6871488234188424,-0.22387743266439297
126D,Max Sharpe,0.06495219473012082,0.08247803847682034,0.6322440994563875,-0.22855105677320486
126D,Carver,0.03661317055054769,0.06521685943756926,0.36596372270996064,-0.2118891561888847
126D,Hierarchical Inv Vol,0.038463559250083934,0.07001661766351062,0.3710049005098876,-0.21471914403584436
126D,SPY,0.07802196929837835,0.11458705187855008,0.5890536837443695,-0.2138379732315776
126D,60/40,0.08027350717869752,0.11360171835990082,0.6114562096204179,-0.21339459305429553
126D,Tech,0.09170566857272067,0.11033754910752598,0.7216781175179473,-0.18747190394815483
252D,Equal Weight,0.050555695032107106,0.1117450611408471,0.3702194608193502,-0.26086581666055497
252D,Inverse Vol,0.0413896269088192,0.08700416759240513,0.34626100299167306,-0.26495894935165065
252D,Max Geo,0.08607366145363926,0.11123710377174405,0.6702961382653246,-0.22679658535436342
252D,Max Sharpe,0.06632292335785617,0.08302807859406687,0.6441019447385258,-0.2481051815536044
252D,Carver,0.03741781430836122,0.06638283313323887,0.37238323641159965,-0.21251616503540183
252D,Hierarchical Inv Vol,0.0394875821906564,0.07161408906188763,0.3780789095597887,-0.21590943014000075
252D,SPY,0.07244110938514092,0.11308025907406262,0.5494688189305189,-0.2315941490015414
252D,60/40,0.0774812940050158,0.11272242312690067,0.5923901026044529,-0.23461566622450536
252D,Tech,0.08888200808812408,0.10905496687298186,0.7051193240711249,-0.20393738475628231
756D,Equal Weight,0.0523467561340758,0.10860120914144063,0.39343507034963726,-0.3050417041215795
756D,Inverse Vol,0.04063353215396304,0.0900694083497093,0.3293958384003844,-0.29730230136198865
756D,Max Geo,0.08033142776239344,0.10569633896802506,0.6495458522351835,-0.24032938825192873
756D,Max Sharpe,0.06719950355804594,0.083972554093295,0.6475637817546875,-0.2258307897191355
756D,Carver,0.037624755178586655,0.06728888398670717,0.37121281797541844,-0.2125161650354006
756D,Hierarchical Inv Vol,0.039974238455266375,0.07298618369876858,0.37871149817602523,-0.21590943014000108
756D,SPY,0.0662610722035335,0.11060489218904386,0.506927496006856,-0.3090518278400127
756D,60/40,0.07412092664642733,0.11112226152312664,0.5711371850569287,-0.3104800775725264
756D,Tech,0.08466770599087758,0.10641502636219739,0.6834624931554246,-0.2698846650826736
