,Average Leverage,Max Leverage,Min Leverage,Time at 2x
Equal Weight,0.9899885638463906,2.0,0.16568782814735716,0.03111111111111111
Inverse Vol,1.8757578813238318,2.0,0.5770944202100002,0.7333333333333333
Max Geo,0.7869963992548904,1.7014671794203486,0.24813377691057414,0.0
Max Sharpe,1.5964000830876999,2.0,0.36361942998828917,0.6355555555555555
Carver,1.9624015509706294,2.0,1.0222199524646118,0.8844444444444445
Hierarchical Inv Vol,1.947819197488561,2.0,0.9149292490262658,0.8755555555555555
SPY,0.7412156840352643,1.9282281366128686,0.13304197741523904,0.0
60/40,1.23801332370575,2.0,0.23406898421848726,0.09333333333333334
Tech,0.5858842080499175,1.5278266187878602,0.14986025604292194,0.0
